"row","species","geno","locus1","locus2","locus3","binary","context","growth"
"1","E. coli","wt",0,0,0,0,"WT",0.383955023
"2","E. coli","P21L",1,0,0,100,"WT",0.414921076
"3","E. coli","A26T",0,1,0,10,"WT",0.394464347
"4","E. coli","L28R",0,0,1,1,"WT",0.351226902
"5","E. coli","P21L/A26T",1,1,0,110,"WT",0.36303266
"6","E. coli","P21L/L28R",1,0,1,101,"WT",0.315024426
"7","E. coli","A26T/L28R",0,1,1,11,"WT",0.366937229
"8","E. coli","P21L/A26T/L28R",1,1,1,111,"WT",0.36951595
"9","L. grayi","wt",0,0,0,0,"WT",0.3917816
"10","L. grayi","P21L",1,0,0,100,"WT",0.399989176
"11","L. grayi","A26T",0,1,0,10,"WT",0.354059172
"12","L. grayi","L28R",0,0,1,1,"WT",0.372503849
"13","L. grayi","P21L/A26T",1,1,0,110,"WT",0.42643481
"14","L. grayi","P21L/L28R",1,0,1,101,"WT",0.40982488
"15","L. grayi","A26T/L28R",0,1,1,11,"WT",0.391462479
"16","L. grayi","P21L/A26T/L28R",1,1,1,111,"WT",0.39796311
"17","C. muridarum","wt",0,0,0,0,"WT",0.326638036
"18","C. muridarum","P21L",1,0,0,100,"WT",0.380166461
"19","C. muridarum","A26T",0,1,0,10,"WT",0.358031528
"20","C. muridarum","L28R",0,0,1,1,"WT",0.407714143
"21","C. muridarum","P21L/A26T",1,1,0,110,"WT",0.403632785
"22","C. muridarum","P21L/L28R",1,0,1,101,"WT",0.390021729
"23","C. muridarum","A26T/L28R",0,1,1,11,"WT",0.410798892
"24","C. muridarum","P21L/A26T/L28R",1,1,1,111,"WT",0.388879781
"25","E. coli","wt",0,0,0,0,"GroEL",0.383983321
"26","E. coli","P21L",1,0,0,100,"GroEL",0.28657379
"27","E. coli","A26T",0,1,0,10,"GroEL",0.4179407
"28","E. coli","L28R",0,0,1,1,"GroEL",0.364006889
"29","E. coli","P21L/A26T",1,1,0,110,"GroEL",0.402242615
"30","E. coli","P21L/L28R",1,0,1,101,"GroEL",0.459099714
"31","E. coli","A26T/L28R",0,1,1,11,"GroEL",0.51104696
"32","E. coli","P21L/A26T/L28R",1,1,1,111,"GroEL",0.525601442
"33","L. grayi","wt",0,0,0,0,"GroEL",0.38433432
"34","L. grayi","P21L",1,0,0,100,"GroEL",0.268376919
"35","L. grayi","A26T",0,1,0,10,"GroEL",0.278756173
"36","L. grayi","L28R",0,0,1,1,"GroEL",0.349966767
"37","L. grayi","P21L/A26T",1,1,0,110,"GroEL",0.376880011
"38","L. grayi","P21L/L28R",1,0,1,101,"GroEL",0.34161888
"39","L. grayi","A26T/L28R",0,1,1,11,"GroEL",0.383623328
"40","L. grayi","P21L/A26T/L28R",1,1,1,111,"GroEL",0.36738112
"41","C. muridarum","wt",0,0,0,0,"GroEL",0.344942092
"42","C. muridarum","P21L",1,0,0,100,"GroEL",0.333205799
"43","C. muridarum","A26T",0,1,0,10,"GroEL",0.258693227
"44","C. muridarum","L28R",0,0,1,1,"GroEL",0.397750771
"45","C. muridarum","P21L/A26T",1,1,0,110,"GroEL",0.390935141
"46","C. muridarum","P21L/L28R",1,0,1,101,"GroEL",0.369648647
"47","C. muridarum","A26T/L28R",0,1,1,11,"GroEL",0.364288288
"48","C. muridarum","P21L/A26T/L28R",1,1,1,111,"GroEL",0.396795325
"49","E. coli","wt",0,0,0,0,"LON",0.567209992
"50","E. coli","P21L",1,0,0,100,"LON",0.427465106
"51","E. coli","A26T",0,1,0,10,"LON",0.12087637
"52","E. coli","L28R",0,0,1,1,"LON",0.433305195
"53","E. coli","P21L/A26T",1,1,0,110,"LON",0.15997185
"54","E. coli","P21L/L28R",1,0,1,101,"LON",0.458015758
"55","E. coli","A26T/L28R",0,1,1,11,"LON",0.415046787
"56","E. coli","P21L/A26T/L28R",1,1,1,111,"LON",0.398728273
"57","L. grayi","wt",0,0,0,0,"LON",0.471936425
"58","L. grayi","P21L",1,0,0,100,"LON",0.323443446
"59","L. grayi","A26T",0,1,0,10,"LON",0.416909144
"60","L. grayi","L28R",0,0,1,1,"LON",0.384947404
"61","L. grayi","P21L/A26T",1,1,0,110,"LON",NA
"62","L. grayi","P21L/L28R",1,0,1,101,"LON",0.454899464
"63","L. grayi","A26T/L28R",0,1,1,11,"LON",0.483670224
"64","L. grayi","P21L/A26T/L28R",1,1,1,111,"LON",0.48588278
"65","C. muridarum","wt",0,0,0,0,"LON",0.292905885
"66","C. muridarum","P21L",1,0,0,100,"LON",0.314164717
"67","C. muridarum","A26T",0,1,0,10,"LON",0.317348297
"68","C. muridarum","L28R",0,0,1,1,"LON",0.426291858
"69","C. muridarum","P21L/A26T",1,1,0,110,"LON",0.397522915
"70","C. muridarum","P21L/L28R",1,0,1,101,"LON",0.396449676
"71","C. muridarum","A26T/L28R",0,1,1,11,"LON",0.396146363
"72","C. muridarum","P21L/A26T/L28R",1,1,1,111,"LON",0.460995637
"73","E. coli","wt",0,0,0,0,"WT",0.33926291
"74","E. coli","P21L",1,0,0,100,"WT",0.417592095
"75","E. coli","A26T",0,1,0,10,"WT",0.398947556
"76","E. coli","L28R",0,0,1,1,"WT",0.330835612
"77","E. coli","P21L/A26T",1,1,0,110,"WT",0.349696495
"78","E. coli","P21L/L28R",1,0,1,101,"WT",0.272443001
"79","E. coli","A26T/L28R",0,1,1,11,"WT",0.24993945
"80","E. coli","P21L/A26T/L28R",1,1,1,111,"WT",0.285141022
"81","L. grayi","wt",0,0,0,0,"WT",0.321718964
"82","L. grayi","P21L",1,0,0,100,"WT",0.301360945
"83","L. grayi","A26T",0,1,0,10,"WT",0.303359405
"84","L. grayi","L28R",0,0,1,1,"WT",0.29803207
"85","L. grayi","P21L/A26T",1,1,0,110,"WT",0.313269308
"86","L. grayi","P21L/L28R",1,0,1,101,"WT",0.307647508
"87","L. grayi","A26T/L28R",0,1,1,11,"WT",0.303315954
"88","L. grayi","P21L/A26T/L28R",1,1,1,111,"WT",0.320002435
"89","C. muridarum","wt",0,0,0,0,"WT",0.67965269
"90","C. muridarum","P21L",1,0,0,100,"WT",0.717138319
"91","C. muridarum","A26T",0,1,0,10,"WT",0.656670717
"92","C. muridarum","L28R",0,0,1,1,"WT",0.81954948
"93","C. muridarum","P21L/A26T",1,1,0,110,"WT",0.830029452
"94","C. muridarum","P21L/L28R",1,0,1,101,"WT",0.809436922
"95","C. muridarum","A26T/L28R",0,1,1,11,"WT",0.862054969
"96","C. muridarum","P21L/A26T/L28R",1,1,1,111,"WT",0.777060174
"97","E. coli","wt",0,0,0,0,"GroEL",0.554013286
"98","E. coli","P21L",1,0,0,100,"GroEL",0.330719322
"99","E. coli","A26T",0,1,0,10,"GroEL",0.341453906
"100","E. coli","L28R",0,0,1,1,"GroEL",0.450363263
"101","E. coli","P21L/A26T",1,1,0,110,"GroEL",0.321446421
"102","E. coli","P21L/L28R",1,0,1,101,"GroEL",0.477498646
"103","E. coli","A26T/L28R",0,1,1,11,"GroEL",0.453394175
"104","E. coli","P21L/A26T/L28R",1,1,1,111,"GroEL",0.44745909
"105","L. grayi","wt",0,0,0,0,"GroEL",0.313986755
"106","L. grayi","P21L",1,0,0,100,"GroEL",0.270226808
"107","L. grayi","A26T",0,1,0,10,"GroEL",0.305515281
"108","L. grayi","L28R",0,0,1,1,"GroEL",0.327615654
"109","L. grayi","P21L/A26T",1,1,0,110,"GroEL",0.357098904
"110","L. grayi","P21L/L28R",1,0,1,101,"GroEL",0.327914744
"111","L. grayi","A26T/L28R",0,1,1,11,"GroEL",0.321488383
"112","L. grayi","P21L/A26T/L28R",1,1,1,111,"GroEL",0.373216946
"113","C. muridarum","wt",0,0,0,0,"GroEL",0.300244953
"114","C. muridarum","P21L",1,0,0,100,"GroEL",0.363538314
"115","C. muridarum","A26T",0,1,0,10,"GroEL",0.358222855
"116","C. muridarum","L28R",0,0,1,1,"GroEL",0.393111104
"117","C. muridarum","P21L/A26T",1,1,0,110,"GroEL",0.36388189
"118","C. muridarum","P21L/L28R",1,0,1,101,"GroEL",0.398811699
"119","C. muridarum","A26T/L28R",0,1,1,11,"GroEL",0.403231134
"120","C. muridarum","P21L/A26T/L28R",1,1,1,111,"GroEL",0.400873817
"121","E. coli","wt",0,0,0,0,"LON",0.616299353
"122","E. coli","P21L",1,0,0,100,"LON",0.530075907
"123","E. coli","A26T",0,1,0,10,"LON",0.323315443
"124","E. coli","L28R",0,0,1,1,"LON",0.485953852
"125","E. coli","P21L/A26T",1,1,0,110,"LON",0.473208477
"126","E. coli","P21L/L28R",1,0,1,101,"LON",0.497040679
"127","E. coli","A26T/L28R",0,1,1,11,"LON",0.50008043
"128","E. coli","P21L/A26T/L28R",1,1,1,111,"LON",0.449126395
"129","L. grayi","wt",0,0,0,0,"LON",0.451749915
"130","L. grayi","P21L",1,0,0,100,"LON",0.278714645
"131","L. grayi","A26T",0,1,0,10,"LON",0.425488539
"132","L. grayi","L28R",0,0,1,1,"LON",0.446654052
"133","L. grayi","P21L/A26T",1,1,0,110,"LON",NA
"134","L. grayi","P21L/L28R",1,0,1,101,"LON",0.387262189
"135","L. grayi","A26T/L28R",0,1,1,11,"LON",0.446930755
"136","L. grayi","P21L/A26T/L28R",1,1,1,111,"LON",0.441539157
"137","C. muridarum","wt",0,0,0,0,"LON",0.40827727
"138","C. muridarum","P21L",1,0,0,100,"LON",0.487131934
"139","C. muridarum","A26T",0,1,0,10,"LON",0.467124641
"140","C. muridarum","L28R",0,0,1,1,"LON",0.496344462
"141","C. muridarum","P21L/A26T",1,1,0,110,"LON",0.47147869
"142","C. muridarum","P21L/L28R",1,0,1,101,"LON",0.401067437
"143","C. muridarum","A26T/L28R",0,1,1,11,"LON",0.459396246
"144","C. muridarum","P21L/A26T/L28R",1,1,1,111,"LON",0.441093884
"145","E. coli","wt",0,0,0,0,"WT",0.31662725
"146","E. coli","P21L",1,0,0,100,"WT",0.387616797
"147","E. coli","A26T",0,1,0,10,"WT",0.366782358
"148","E. coli","L28R",0,0,1,1,"WT",0.313881887
"149","E. coli","P21L/A26T",1,1,0,110,"WT",0.386458735
"150","E. coli","P21L/L28R",1,0,1,101,"WT",0.25978968
"151","E. coli","A26T/L28R",0,1,1,11,"WT",0.334574743
"152","E. coli","P21L/A26T/L28R",1,1,1,111,"WT",0.25983276
"153","L. grayi","wt",0,0,0,0,"WT",0.301500049
"154","L. grayi","P21L",1,0,0,100,"WT",0.299887244
"155","L. grayi","A26T",0,1,0,10,"WT",0.310547585
"156","L. grayi","L28R",0,0,1,1,"WT",0.296653732
"157","L. grayi","P21L/A26T",1,1,0,110,"WT",0.327249436
"158","L. grayi","P21L/L28R",1,0,1,101,"WT",0.362185053
"159","L. grayi","A26T/L28R",0,1,1,11,"WT",0.319437749
"160","L. grayi","P21L/A26T/L28R",1,1,1,111,"WT",0.344537645
"161","C. muridarum","wt",0,0,0,0,"WT",0.442425262
"162","C. muridarum","P21L",1,0,0,100,"WT",0.490760455
"163","C. muridarum","A26T",0,1,0,10,"WT",0.375621703
"164","C. muridarum","L28R",0,0,1,1,"WT",0.386294138
"165","C. muridarum","P21L/A26T",1,1,0,110,"WT",0.365875034
"166","C. muridarum","P21L/L28R",1,0,1,101,"WT",0.357359049
"167","C. muridarum","A26T/L28R",0,1,1,11,"WT",0.392081262
"168","C. muridarum","P21L/A26T/L28R",1,1,1,111,"WT",0.448343327
"169","E. coli","wt",0,0,0,0,"GroEL",NA
"170","E. coli","P21L",1,0,0,100,"GroEL",NA
"171","E. coli","A26T",0,1,0,10,"GroEL",NA
"172","E. coli","L28R",0,0,1,1,"GroEL",NA
"173","E. coli","P21L/A26T",1,1,0,110,"GroEL",NA
"174","E. coli","P21L/L28R",1,0,1,101,"GroEL",NA
"175","E. coli","A26T/L28R",0,1,1,11,"GroEL",NA
"176","E. coli","P21L/A26T/L28R",1,1,1,111,"GroEL",NA
"177","L. grayi","wt",0,0,0,0,"GroEL",NA
"178","L. grayi","P21L",1,0,0,100,"GroEL",NA
"179","L. grayi","A26T",0,1,0,10,"GroEL",NA
"180","L. grayi","L28R",0,0,1,1,"GroEL",NA
"181","L. grayi","P21L/A26T",1,1,0,110,"GroEL",NA
"182","L. grayi","P21L/L28R",1,0,1,101,"GroEL",NA
"183","L. grayi","A26T/L28R",0,1,1,11,"GroEL",NA
"184","L. grayi","P21L/A26T/L28R",1,1,1,111,"GroEL",NA
"185","C. muridarum","wt",0,0,0,0,"GroEL",NA
"186","C. muridarum","P21L",1,0,0,100,"GroEL",NA
"187","C. muridarum","A26T",0,1,0,10,"GroEL",NA
"188","C. muridarum","L28R",0,0,1,1,"GroEL",NA
"189","C. muridarum","P21L/A26T",1,1,0,110,"GroEL",NA
"190","C. muridarum","P21L/L28R",1,0,1,101,"GroEL",NA
"191","C. muridarum","A26T/L28R",0,1,1,11,"GroEL",NA
"192","C. muridarum","P21L/A26T/L28R",1,1,1,111,"GroEL",NA
"193","E. coli","wt",0,0,0,0,"LON",0.468803922
"194","E. coli","P21L",1,0,0,100,"LON",0.53800438
"195","E. coli","A26T",0,1,0,10,"LON",0.194273357
"196","E. coli","L28R",0,0,1,1,"LON",0.494846674
"197","E. coli","P21L/A26T",1,1,0,110,"LON",0.562241395
"198","E. coli","P21L/L28R",1,0,1,101,"LON",0.524209979
"199","E. coli","A26T/L28R",0,1,1,11,"LON",0.551929819
"200","E. coli","P21L/A26T/L28R",1,1,1,111,"LON",0.525889483
"201","L. grayi","wt",0,0,0,0,"LON",0.425876087
"202","L. grayi","P21L",1,0,0,100,"LON",0.32309534
"203","L. grayi","A26T",0,1,0,10,"LON",0.320565309
"204","L. grayi","L28R",0,0,1,1,"LON",0.346532869
"205","L. grayi","P21L/A26T",1,1,0,110,"LON",NA
"206","L. grayi","P21L/L28R",1,0,1,101,"LON",0.362203594
"207","L. grayi","A26T/L28R",0,1,1,11,"LON",0.355531692
"208","L. grayi","P21L/A26T/L28R",1,1,1,111,"LON",0.365860537
"209","C. muridarum","wt",0,0,0,0,"LON",NA
"210","C. muridarum","P21L",1,0,0,100,"LON",NA
"211","C. muridarum","A26T",0,1,0,10,"LON",NA
"212","C. muridarum","L28R",0,0,1,1,"LON",NA
"213","C. muridarum","P21L/A26T",1,1,0,110,"LON",NA
"214","C. muridarum","P21L/L28R",1,0,1,101,"LON",NA
"215","C. muridarum","A26T/L28R",0,1,1,11,"LON",NA
"216","C. muridarum","P21L/A26T/L28R",1,1,1,111,"LON",NA
"217","E. coli","wt",0,0,0,0,"WT",0.26122216
"218","E. coli","P21L",1,0,0,100,"WT",0.310373203
"219","E. coli","A26T",0,1,0,10,"WT",0.297144362
"220","E. coli","L28R",0,0,1,1,"WT",0.300189317
"221","E. coli","P21L/A26T",1,1,0,110,"WT",0.103383406
"222","E. coli","P21L/L28R",1,0,1,101,"WT",0.24660563
"223","E. coli","A26T/L28R",0,1,1,11,"WT",0.24993945
"224","E. coli","P21L/A26T/L28R",1,1,1,111,"WT",0.28507851
"225","L. grayi","wt",0,0,0,0,"WT",NA
"226","L. grayi","P21L",1,0,0,100,"WT",NA
"227","L. grayi","A26T",0,1,0,10,"WT",NA
"228","L. grayi","L28R",0,0,1,1,"WT",NA
"229","L. grayi","P21L/A26T",1,1,0,110,"WT",NA
"230","L. grayi","P21L/L28R",1,0,1,101,"WT",NA
"231","L. grayi","A26T/L28R",0,1,1,11,"WT",NA
"232","L. grayi","P21L/A26T/L28R",1,1,1,111,"WT",NA
"233","C. muridarum","wt",0,0,0,0,"WT",0.509369165
"234","C. muridarum","P21L",1,0,0,100,"WT",0.519955861
"235","C. muridarum","A26T",0,1,0,10,"WT",0.461862499
"236","C. muridarum","L28R",0,0,1,1,"WT",0.32178293
"237","C. muridarum","P21L/A26T",1,1,0,110,"WT",0.341170868
"238","C. muridarum","P21L/L28R",1,0,1,101,"WT",0.303013732
"239","C. muridarum","A26T/L28R",0,1,1,11,"WT",0.302243101
"240","C. muridarum","P21L/A26T/L28R",1,1,1,111,"WT",0.435298562
"241","E. coli","wt",0,0,0,0,"GroEL",NA
"242","E. coli","P21L",1,0,0,100,"GroEL",NA
"243","E. coli","A26T",0,1,0,10,"GroEL",NA
"244","E. coli","L28R",0,0,1,1,"GroEL",NA
"245","E. coli","P21L/A26T",1,1,0,110,"GroEL",NA
"246","E. coli","P21L/L28R",1,0,1,101,"GroEL",NA
"247","E. coli","A26T/L28R",0,1,1,11,"GroEL",NA
"248","E. coli","P21L/A26T/L28R",1,1,1,111,"GroEL",NA
"249","L. grayi","wt",0,0,0,0,"GroEL",NA
"250","L. grayi","P21L",1,0,0,100,"GroEL",NA
"251","L. grayi","A26T",0,1,0,10,"GroEL",NA
"252","L. grayi","L28R",0,0,1,1,"GroEL",NA
"253","L. grayi","P21L/A26T",1,1,0,110,"GroEL",NA
"254","L. grayi","P21L/L28R",1,0,1,101,"GroEL",NA
"255","L. grayi","A26T/L28R",0,1,1,11,"GroEL",NA
"256","L. grayi","P21L/A26T/L28R",1,1,1,111,"GroEL",NA
"257","C. muridarum","wt",0,0,0,0,"GroEL",NA
"258","C. muridarum","P21L",1,0,0,100,"GroEL",NA
"259","C. muridarum","A26T",0,1,0,10,"GroEL",NA
"260","C. muridarum","L28R",0,0,1,1,"GroEL",NA
"261","C. muridarum","P21L/A26T",1,1,0,110,"GroEL",NA
"262","C. muridarum","P21L/L28R",1,0,1,101,"GroEL",NA
"263","C. muridarum","A26T/L28R",0,1,1,11,"GroEL",NA
"264","C. muridarum","P21L/A26T/L28R",1,1,1,111,"GroEL",NA
"265","E. coli","wt",0,0,0,0,"LON",0.406929696
"266","E. coli","P21L",1,0,0,100,"LON",0.322481926
"267","E. coli","A26T",0,1,0,10,"LON",0.379592909
"268","E. coli","L28R",0,0,1,1,"LON",0.420323659
"269","E. coli","P21L/A26T",1,1,0,110,"LON",0.448074285
"270","E. coli","P21L/L28R",1,0,1,101,"LON",0.350449086
"271","E. coli","A26T/L28R",0,1,1,11,"LON",0.333700462
"272","E. coli","P21L/A26T/L28R",1,1,1,111,"LON",0.355136121
"273","L. grayi","wt",0,0,0,0,"LON",0.405600321
"274","L. grayi","P21L",1,0,0,100,"LON",0.346072576
"275","L. grayi","A26T",0,1,0,10,"LON",0.356860332
"276","L. grayi","L28R",0,0,1,1,"LON",0.364966244
"277","L. grayi","P21L/A26T",1,1,0,110,"LON",NA
"278","L. grayi","P21L/L28R",1,0,1,101,"LON",0.405874867
"279","L. grayi","A26T/L28R",0,1,1,11,"LON",0.444810058
"280","L. grayi","P21L/A26T/L28R",1,1,1,111,"LON",0.465543987
"281","C. muridarum","wt",0,0,0,0,"LON",NA
"282","C. muridarum","P21L",1,0,0,100,"LON",NA
"283","C. muridarum","A26T",0,1,0,10,"LON",NA
"284","C. muridarum","L28R",0,0,1,1,"LON",NA
"285","C. muridarum","P21L/A26T",1,1,0,110,"LON",NA
"286","C. muridarum","P21L/L28R",1,0,1,101,"LON",NA
"287","C. muridarum","A26T/L28R",0,1,1,11,"LON",NA
"288","C. muridarum","P21L/A26T/L28R",1,1,1,111,"LON",NA
"289","E. coli","wt",0,0,0,0,"WT",0.305704107
"290","E. coli","P21L",1,0,0,100,"WT",0.371860698
"291","E. coli","A26T",0,1,0,10,"WT",0.354291425
"292","E. coli","L28R",0,0,1,1,"WT",0.314968938
"293","E. coli","P21L/A26T",1,1,0,110,"WT",0.279846212
"294","E. coli","P21L/L28R",1,0,1,101,"WT",0.25961277
"295","E. coli","A26T/L28R",0,1,1,11,"WT",0.278151214
"296","E. coli","P21L/A26T/L28R",1,1,1,111,"WT",0.276684097
"297","L. grayi","wt",0,0,0,0,"WT",NA
"298","L. grayi","P21L",1,0,0,100,"WT",NA
"299","L. grayi","A26T",0,1,0,10,"WT",NA
"300","L. grayi","L28R",0,0,1,1,"WT",NA
"301","L. grayi","P21L/A26T",1,1,0,110,"WT",NA
"302","L. grayi","P21L/L28R",1,0,1,101,"WT",NA
"303","L. grayi","A26T/L28R",0,1,1,11,"WT",NA
"304","L. grayi","P21L/A26T/L28R",1,1,1,111,"WT",NA
"305","C. muridarum","wt",0,0,0,0,"WT",0.458866665
"306","C. muridarum","P21L",1,0,0,100,"WT",0.397627754
"307","C. muridarum","A26T",0,1,0,10,"WT",0.369959739
"308","C. muridarum","L28R",0,0,1,1,"WT",0.334840087
"309","C. muridarum","P21L/A26T",1,1,0,110,"WT",0.296969472
"310","C. muridarum","P21L/L28R",1,0,1,101,"WT",0.298508304
"311","C. muridarum","A26T/L28R",0,1,1,11,"WT",0.406457865
"312","C. muridarum","P21L/A26T/L28R",1,1,1,111,"WT",0.442608949
"313","E. coli","wt",0,0,0,0,"GroEL",NA
"314","E. coli","P21L",1,0,0,100,"GroEL",NA
"315","E. coli","A26T",0,1,0,10,"GroEL",NA
"316","E. coli","L28R",0,0,1,1,"GroEL",NA
"317","E. coli","P21L/A26T",1,1,0,110,"GroEL",NA
"318","E. coli","P21L/L28R",1,0,1,101,"GroEL",NA
"319","E. coli","A26T/L28R",0,1,1,11,"GroEL",NA
"320","E. coli","P21L/A26T/L28R",1,1,1,111,"GroEL",NA
"321","L. grayi","wt",0,0,0,0,"GroEL",NA
"322","L. grayi","P21L",1,0,0,100,"GroEL",NA
"323","L. grayi","A26T",0,1,0,10,"GroEL",NA
"324","L. grayi","L28R",0,0,1,1,"GroEL",NA
"325","L. grayi","P21L/A26T",1,1,0,110,"GroEL",NA
"326","L. grayi","P21L/L28R",1,0,1,101,"GroEL",NA
"327","L. grayi","A26T/L28R",0,1,1,11,"GroEL",NA
"328","L. grayi","P21L/A26T/L28R",1,1,1,111,"GroEL",NA
"329","C. muridarum","wt",0,0,0,0,"GroEL",NA
"330","C. muridarum","P21L",1,0,0,100,"GroEL",NA
"331","C. muridarum","A26T",0,1,0,10,"GroEL",NA
"332","C. muridarum","L28R",0,0,1,1,"GroEL",NA
"333","C. muridarum","P21L/A26T",1,1,0,110,"GroEL",NA
"334","C. muridarum","P21L/L28R",1,0,1,101,"GroEL",NA
"335","C. muridarum","A26T/L28R",0,1,1,11,"GroEL",NA
"336","C. muridarum","P21L/A26T/L28R",1,1,1,111,"GroEL",NA
"337","E. coli","wt",0,0,0,0,"LON",NA
"338","E. coli","P21L",1,0,0,100,"LON",NA
"339","E. coli","A26T",0,1,0,10,"LON",NA
"340","E. coli","L28R",0,0,1,1,"LON",NA
"341","E. coli","P21L/A26T",1,1,0,110,"LON",NA
"342","E. coli","P21L/L28R",1,0,1,101,"LON",NA
"343","E. coli","A26T/L28R",0,1,1,11,"LON",NA
"344","E. coli","P21L/A26T/L28R",1,1,1,111,"LON",NA
"345","L. grayi","wt",0,0,0,0,"LON",NA
"346","L. grayi","P21L",1,0,0,100,"LON",NA
"347","L. grayi","A26T",0,1,0,10,"LON",NA
"348","L. grayi","L28R",0,0,1,1,"LON",NA
"349","L. grayi","P21L/A26T",1,1,0,110,"LON",NA
"350","L. grayi","P21L/L28R",1,0,1,101,"LON",NA
"351","L. grayi","A26T/L28R",0,1,1,11,"LON",NA
"352","L. grayi","P21L/A26T/L28R",1,1,1,111,"LON",NA
"353","C. muridarum","wt",0,0,0,0,"LON",NA
"354","C. muridarum","P21L",1,0,0,100,"LON",NA
"355","C. muridarum","A26T",0,1,0,10,"LON",NA
"356","C. muridarum","L28R",0,0,1,1,"LON",NA
"357","C. muridarum","P21L/A26T",1,1,0,110,"LON",NA
"358","C. muridarum","P21L/L28R",1,0,1,101,"LON",NA
"359","C. muridarum","A26T/L28R",0,1,1,11,"LON",NA
"360","C. muridarum","P21L/A26T/L28R",1,1,1,111,"LON",NA
"361","E. coli","wt",0,0,0,0,"WT",0.452438737
"362","E. coli","P21L",1,0,0,100,"WT",0.48061925
"363","E. coli","A26T",0,1,0,10,"WT",0.44780706
"364","E. coli","L28R",0,0,1,1,"WT",0.502857305
"365","E. coli","P21L/A26T",1,1,0,110,"WT",0.408850844
"366","E. coli","P21L/L28R",1,0,1,101,"WT",0.413662855
"367","E. coli","A26T/L28R",0,1,1,11,"WT",0.455138856
"368","E. coli","P21L/A26T/L28R",1,1,1,111,"WT",0.460379215
"369","L. grayi","wt",0,0,0,0,"WT",NA
"370","L. grayi","P21L",1,0,0,100,"WT",NA
"371","L. grayi","A26T",0,1,0,10,"WT",NA
"372","L. grayi","L28R",0,0,1,1,"WT",NA
"373","L. grayi","P21L/A26T",1,1,0,110,"WT",NA
"374","L. grayi","P21L/L28R",1,0,1,101,"WT",NA
"375","L. grayi","A26T/L28R",0,1,1,11,"WT",NA
"376","L. grayi","P21L/A26T/L28R",1,1,1,111,"WT",NA
"377","C. muridarum","wt",0,0,0,0,"WT",NA
"378","C. muridarum","P21L",1,0,0,100,"WT",NA
"379","C. muridarum","A26T",0,1,0,10,"WT",NA
"380","C. muridarum","L28R",0,0,1,1,"WT",NA
"381","C. muridarum","P21L/A26T",1,1,0,110,"WT",NA
"382","C. muridarum","P21L/L28R",1,0,1,101,"WT",NA
"383","C. muridarum","A26T/L28R",0,1,1,11,"WT",NA
"384","C. muridarum","P21L/A26T/L28R",1,1,1,111,"WT",NA
"385","E. coli","wt",0,0,0,0,"GroEL",NA
"386","E. coli","P21L",1,0,0,100,"GroEL",NA
"387","E. coli","A26T",0,1,0,10,"GroEL",NA
"388","E. coli","L28R",0,0,1,1,"GroEL",NA
"389","E. coli","P21L/A26T",1,1,0,110,"GroEL",NA
"390","E. coli","P21L/L28R",1,0,1,101,"GroEL",NA
"391","E. coli","A26T/L28R",0,1,1,11,"GroEL",NA
"392","E. coli","P21L/A26T/L28R",1,1,1,111,"GroEL",NA
"393","L. grayi","wt",0,0,0,0,"GroEL",NA
"394","L. grayi","P21L",1,0,0,100,"GroEL",NA
"395","L. grayi","A26T",0,1,0,10,"GroEL",NA
"396","L. grayi","L28R",0,0,1,1,"GroEL",NA
"397","L. grayi","P21L/A26T",1,1,0,110,"GroEL",NA
"398","L. grayi","P21L/L28R",1,0,1,101,"GroEL",NA
"399","L. grayi","A26T/L28R",0,1,1,11,"GroEL",NA
"400","L. grayi","P21L/A26T/L28R",1,1,1,111,"GroEL",NA
"401","C. muridarum","wt",0,0,0,0,"GroEL",NA
"402","C. muridarum","P21L",1,0,0,100,"GroEL",NA
"403","C. muridarum","A26T",0,1,0,10,"GroEL",NA
"404","C. muridarum","L28R",0,0,1,1,"GroEL",NA
"405","C. muridarum","P21L/A26T",1,1,0,110,"GroEL",NA
"406","C. muridarum","P21L/L28R",1,0,1,101,"GroEL",NA
"407","C. muridarum","A26T/L28R",0,1,1,11,"GroEL",NA
"408","C. muridarum","P21L/A26T/L28R",1,1,1,111,"GroEL",NA
"409","E. coli","wt",0,0,0,0,"LON",NA
"410","E. coli","P21L",1,0,0,100,"LON",NA
"411","E. coli","A26T",0,1,0,10,"LON",NA
"412","E. coli","L28R",0,0,1,1,"LON",NA
"413","E. coli","P21L/A26T",1,1,0,110,"LON",NA
"414","E. coli","P21L/L28R",1,0,1,101,"LON",NA
"415","E. coli","A26T/L28R",0,1,1,11,"LON",NA
"416","E. coli","P21L/A26T/L28R",1,1,1,111,"LON",NA
"417","L. grayi","wt",0,0,0,0,"LON",NA
"418","L. grayi","P21L",1,0,0,100,"LON",NA
"419","L. grayi","A26T",0,1,0,10,"LON",NA
"420","L. grayi","L28R",0,0,1,1,"LON",NA
"421","L. grayi","P21L/A26T",1,1,0,110,"LON",NA
"422","L. grayi","P21L/L28R",1,0,1,101,"LON",NA
"423","L. grayi","A26T/L28R",0,1,1,11,"LON",NA
"424","L. grayi","P21L/A26T/L28R",1,1,1,111,"LON",NA
"425","C. muridarum","wt",0,0,0,0,"LON",NA
"426","C. muridarum","P21L",1,0,0,100,"LON",NA
"427","C. muridarum","A26T",0,1,0,10,"LON",NA
"428","C. muridarum","L28R",0,0,1,1,"LON",NA
"429","C. muridarum","P21L/A26T",1,1,0,110,"LON",NA
"430","C. muridarum","P21L/L28R",1,0,1,101,"LON",NA
"431","C. muridarum","A26T/L28R",0,1,1,11,"LON",NA
"432","C. muridarum","P21L/A26T/L28R",1,1,1,111,"LON",NA
"433","E. coli","wt",0,0,0,0,"WT",0.52194412
"434","E. coli","P21L",1,0,0,100,"WT",0.418855921
"435","E. coli","A26T",0,1,0,10,"WT",0.264422671
"436","E. coli","L28R",0,0,1,1,"WT",0.313837737
"437","E. coli","P21L/A26T",1,1,0,110,"WT",0.306611623
"438","E. coli","P21L/L28R",1,0,1,101,"WT",0.319070038
"439","E. coli","A26T/L28R",0,1,1,11,"WT",0.280992709
"440","E. coli","P21L/A26T/L28R",1,1,1,111,"WT",0.315843054
"441","L. grayi","wt",0,0,0,0,"WT",NA
"442","L. grayi","P21L",1,0,0,100,"WT",NA
"443","L. grayi","A26T",0,1,0,10,"WT",NA
"444","L. grayi","L28R",0,0,1,1,"WT",NA
"445","L. grayi","P21L/A26T",1,1,0,110,"WT",NA
"446","L. grayi","P21L/L28R",1,0,1,101,"WT",NA
"447","L. grayi","A26T/L28R",0,1,1,11,"WT",NA
"448","L. grayi","P21L/A26T/L28R",1,1,1,111,"WT",NA
"449","C. muridarum","wt",0,0,0,0,"WT",NA
"450","C. muridarum","P21L",1,0,0,100,"WT",NA
"451","C. muridarum","A26T",0,1,0,10,"WT",NA
"452","C. muridarum","L28R",0,0,1,1,"WT",NA
"453","C. muridarum","P21L/A26T",1,1,0,110,"WT",NA
"454","C. muridarum","P21L/L28R",1,0,1,101,"WT",NA
"455","C. muridarum","A26T/L28R",0,1,1,11,"WT",NA
"456","C. muridarum","P21L/A26T/L28R",1,1,1,111,"WT",NA
"457","E. coli","wt",0,0,0,0,"GroEL",NA
"458","E. coli","P21L",1,0,0,100,"GroEL",NA
"459","E. coli","A26T",0,1,0,10,"GroEL",NA
"460","E. coli","L28R",0,0,1,1,"GroEL",NA
"461","E. coli","P21L/A26T",1,1,0,110,"GroEL",NA
"462","E. coli","P21L/L28R",1,0,1,101,"GroEL",NA
"463","E. coli","A26T/L28R",0,1,1,11,"GroEL",NA
"464","E. coli","P21L/A26T/L28R",1,1,1,111,"GroEL",NA
"465","L. grayi","wt",0,0,0,0,"GroEL",NA
"466","L. grayi","P21L",1,0,0,100,"GroEL",NA
"467","L. grayi","A26T",0,1,0,10,"GroEL",NA
"468","L. grayi","L28R",0,0,1,1,"GroEL",NA
"469","L. grayi","P21L/A26T",1,1,0,110,"GroEL",NA
"470","L. grayi","P21L/L28R",1,0,1,101,"GroEL",NA
"471","L. grayi","A26T/L28R",0,1,1,11,"GroEL",NA
"472","L. grayi","P21L/A26T/L28R",1,1,1,111,"GroEL",NA
"473","C. muridarum","wt",0,0,0,0,"GroEL",NA
"474","C. muridarum","P21L",1,0,0,100,"GroEL",NA
"475","C. muridarum","A26T",0,1,0,10,"GroEL",NA
"476","C. muridarum","L28R",0,0,1,1,"GroEL",NA
"477","C. muridarum","P21L/A26T",1,1,0,110,"GroEL",NA
"478","C. muridarum","P21L/L28R",1,0,1,101,"GroEL",NA
"479","C. muridarum","A26T/L28R",0,1,1,11,"GroEL",NA
"480","C. muridarum","P21L/A26T/L28R",1,1,1,111,"GroEL",NA
"481","E. coli","wt",0,0,0,0,"LON",NA
"482","E. coli","P21L",1,0,0,100,"LON",NA
"483","E. coli","A26T",0,1,0,10,"LON",NA
"484","E. coli","L28R",0,0,1,1,"LON",NA
"485","E. coli","P21L/A26T",1,1,0,110,"LON",NA
"486","E. coli","P21L/L28R",1,0,1,101,"LON",NA
"487","E. coli","A26T/L28R",0,1,1,11,"LON",NA
"488","E. coli","P21L/A26T/L28R",1,1,1,111,"LON",NA
"489","L. grayi","wt",0,0,0,0,"LON",NA
"490","L. grayi","P21L",1,0,0,100,"LON",NA
"491","L. grayi","A26T",0,1,0,10,"LON",NA
"492","L. grayi","L28R",0,0,1,1,"LON",NA
"493","L. grayi","P21L/A26T",1,1,0,110,"LON",NA
"494","L. grayi","P21L/L28R",1,0,1,101,"LON",NA
"495","L. grayi","A26T/L28R",0,1,1,11,"LON",NA
"496","L. grayi","P21L/A26T/L28R",1,1,1,111,"LON",NA
"497","C. muridarum","wt",0,0,0,0,"LON",NA
"498","C. muridarum","P21L",1,0,0,100,"LON",NA
"499","C. muridarum","A26T",0,1,0,10,"LON",NA
"500","C. muridarum","L28R",0,0,1,1,"LON",NA
"501","C. muridarum","P21L/A26T",1,1,0,110,"LON",NA
"502","C. muridarum","P21L/L28R",1,0,1,101,"LON",NA
"503","C. muridarum","A26T/L28R",0,1,1,11,"LON",NA
"504","C. muridarum","P21L/A26T/L28R",1,1,1,111,"LON",NA
"505","E. coli","wt",0,0,0,0,"WT",0.421531831
"506","E. coli","P21L",1,0,0,100,"WT",0.490806587
"507","E. coli","A26T",0,1,0,10,"WT",0.712525303
"508","E. coli","L28R",0,0,1,1,"WT",0.564739679
"509","E. coli","P21L/A26T",1,1,0,110,"WT",0.50516116
"510","E. coli","P21L/L28R",1,0,1,101,"WT",0.582275835
"511","E. coli","A26T/L28R",0,1,1,11,"WT",0.533453569
"512","E. coli","P21L/A26T/L28R",1,1,1,111,"WT",0.521945848
"513","L. grayi","wt",0,0,0,0,"WT",NA
"514","L. grayi","P21L",1,0,0,100,"WT",NA
"515","L. grayi","A26T",0,1,0,10,"WT",NA
"516","L. grayi","L28R",0,0,1,1,"WT",NA
"517","L. grayi","P21L/A26T",1,1,0,110,"WT",NA
"518","L. grayi","P21L/L28R",1,0,1,101,"WT",NA
"519","L. grayi","A26T/L28R",0,1,1,11,"WT",NA
"520","L. grayi","P21L/A26T/L28R",1,1,1,111,"WT",NA
"521","C. muridarum","wt",0,0,0,0,"WT",NA
"522","C. muridarum","P21L",1,0,0,100,"WT",NA
"523","C. muridarum","A26T",0,1,0,10,"WT",NA
"524","C. muridarum","L28R",0,0,1,1,"WT",NA
"525","C. muridarum","P21L/A26T",1,1,0,110,"WT",NA
"526","C. muridarum","P21L/L28R",1,0,1,101,"WT",NA
"527","C. muridarum","A26T/L28R",0,1,1,11,"WT",NA
"528","C. muridarum","P21L/A26T/L28R",1,1,1,111,"WT",NA
"529","E. coli","wt",0,0,0,0,"GroEL",NA
"530","E. coli","P21L",1,0,0,100,"GroEL",NA
"531","E. coli","A26T",0,1,0,10,"GroEL",NA
"532","E. coli","L28R",0,0,1,1,"GroEL",NA
"533","E. coli","P21L/A26T",1,1,0,110,"GroEL",NA
"534","E. coli","P21L/L28R",1,0,1,101,"GroEL",NA
"535","E. coli","A26T/L28R",0,1,1,11,"GroEL",NA
"536","E. coli","P21L/A26T/L28R",1,1,1,111,"GroEL",NA
"537","L. grayi","wt",0,0,0,0,"GroEL",NA
"538","L. grayi","P21L",1,0,0,100,"GroEL",NA
"539","L. grayi","A26T",0,1,0,10,"GroEL",NA
"540","L. grayi","L28R",0,0,1,1,"GroEL",NA
"541","L. grayi","P21L/A26T",1,1,0,110,"GroEL",NA
"542","L. grayi","P21L/L28R",1,0,1,101,"GroEL",NA
"543","L. grayi","A26T/L28R",0,1,1,11,"GroEL",NA
"544","L. grayi","P21L/A26T/L28R",1,1,1,111,"GroEL",NA
"545","C. muridarum","wt",0,0,0,0,"GroEL",NA
"546","C. muridarum","P21L",1,0,0,100,"GroEL",NA
"547","C. muridarum","A26T",0,1,0,10,"GroEL",NA
"548","C. muridarum","L28R",0,0,1,1,"GroEL",NA
"549","C. muridarum","P21L/A26T",1,1,0,110,"GroEL",NA
"550","C. muridarum","P21L/L28R",1,0,1,101,"GroEL",NA
"551","C. muridarum","A26T/L28R",0,1,1,11,"GroEL",NA
"552","C. muridarum","P21L/A26T/L28R",1,1,1,111,"GroEL",NA
"553","E. coli","wt",0,0,0,0,"LON",NA
"554","E. coli","P21L",1,0,0,100,"LON",NA
"555","E. coli","A26T",0,1,0,10,"LON",NA
"556","E. coli","L28R",0,0,1,1,"LON",NA
"557","E. coli","P21L/A26T",1,1,0,110,"LON",NA
"558","E. coli","P21L/L28R",1,0,1,101,"LON",NA
"559","E. coli","A26T/L28R",0,1,1,11,"LON",NA
"560","E. coli","P21L/A26T/L28R",1,1,1,111,"LON",NA
"561","L. grayi","wt",0,0,0,0,"LON",NA
"562","L. grayi","P21L",1,0,0,100,"LON",NA
"563","L. grayi","A26T",0,1,0,10,"LON",NA
"564","L. grayi","L28R",0,0,1,1,"LON",NA
"565","L. grayi","P21L/A26T",1,1,0,110,"LON",NA
"566","L. grayi","P21L/L28R",1,0,1,101,"LON",NA
"567","L. grayi","A26T/L28R",0,1,1,11,"LON",NA
"568","L. grayi","P21L/A26T/L28R",1,1,1,111,"LON",NA
"569","C. muridarum","wt",0,0,0,0,"LON",NA
"570","C. muridarum","P21L",1,0,0,100,"LON",NA
"571","C. muridarum","A26T",0,1,0,10,"LON",NA
"572","C. muridarum","L28R",0,0,1,1,"LON",NA
"573","C. muridarum","P21L/A26T",1,1,0,110,"LON",NA
"574","C. muridarum","P21L/L28R",1,0,1,101,"LON",NA
"575","C. muridarum","A26T/L28R",0,1,1,11,"LON",NA
"576","C. muridarum","P21L/A26T/L28R",1,1,1,111,"LON",NA
